{
  "08Logout" : {
    "transaction" : "08Logout",
    "sampleCount" : 100,
    "errorCount" : 4,
    "errorPct" : 4.0,
    "meanResTime" : 7.770000000000001,
    "medianResTime" : 7.0,
    "minResTime" : 6.0,
    "maxResTime" : 21.0,
    "pct1ResTime" : 8.900000000000006,
    "pct2ResTime" : 9.0,
    "pct3ResTime" : 20.929999999999964,
    "throughput" : 0.8789895136551021,
    "receivedKBytesPerSec" : 0.15794342823490115,
    "sentKBytesPerSec" : 0.18412426824122988
  },
  "01Login" : {
    "transaction" : "01Login",
    "sampleCount" : 100,
    "errorCount" : 18,
    "errorPct" : 18.0,
    "meanResTime" : 9.120000000000005,
    "medianResTime" : 8.0,
    "minResTime" : 6.0,
    "maxResTime" : 31.0,
    "pct1ResTime" : 12.0,
    "pct2ResTime" : 14.0,
    "pct3ResTime" : 30.909999999999954,
    "throughput" : 0.8783178456619881,
    "receivedKBytesPerSec" : 0.15696500562123422,
    "sentKBytesPerSec" : 0.2062846112126056
  },
  "05GetCartInfo" : {
    "transaction" : "05GetCartInfo",
    "sampleCount" : 100,
    "errorCount" : 12,
    "errorPct" : 12.0,
    "meanResTime" : 4.099999999999998,
    "medianResTime" : 4.0,
    "minResTime" : 3.0,
    "maxResTime" : 22.0,
    "pct1ResTime" : 5.0,
    "pct2ResTime" : 5.949999999999989,
    "pct3ResTime" : 21.889999999999944,
    "throughput" : 0.8789740614754459,
    "receivedKBytesPerSec" : 0.24159769467078027,
    "sentKBytesPerSec" : 0.11802630220007207
  },
  "06RemoveProductFromCart" : {
    "transaction" : "06RemoveProductFromCart",
    "sampleCount" : 100,
    "errorCount" : 12,
    "errorPct" : 12.0,
    "meanResTime" : 11.029999999999998,
    "medianResTime" : 10.5,
    "minResTime" : 8.0,
    "maxResTime" : 32.0,
    "pct1ResTime" : 13.900000000000006,
    "pct2ResTime" : 15.0,
    "pct3ResTime" : 31.85999999999993,
    "throughput" : 0.8789354334030622,
    "receivedKBytesPerSec" : 0.1819327680313604,
    "sentKBytesPerSec" : 0.20782016321830998
  },
  "07GetEmptyCartInfo" : {
    "transaction" : "07GetEmptyCartInfo",
    "sampleCount" : 100,
    "errorCount" : 16,
    "errorPct" : 16.0,
    "meanResTime" : 3.960000000000001,
    "medianResTime" : 4.0,
    "minResTime" : 3.0,
    "maxResTime" : 11.0,
    "pct1ResTime" : 5.0,
    "pct2ResTime" : 6.0,
    "pct3ResTime" : 10.989999999999995,
    "throughput" : 0.87900496637806,
    "receivedKBytesPerSec" : 0.14421175229640049,
    "sentKBytesPerSec" : 0.11803045202830396
  },
  "Total" : {
    "transaction" : "Total",
    "sampleCount" : 900,
    "errorCount" : 103,
    "errorPct" : 11.444445,
    "meanResTime" : 6.126666666666671,
    "medianResTime" : 5.0,
    "minResTime" : 1.0,
    "maxResTime" : 61.0,
    "pct1ResTime" : 10.0,
    "pct2ResTime" : 12.0,
    "pct3ResTime" : 18.0,
    "throughput" : 7.892175346598035,
    "receivedKBytesPerSec" : 3.8109461594701717,
    "sentKBytesPerSec" : 1.3743312203495357
  },
  "00AsappShopping-UI" : {
    "transaction" : "00AsappShopping-UI",
    "sampleCount" : 100,
    "errorCount" : 3,
    "errorPct" : 3.0,
    "meanResTime" : 2.94,
    "medianResTime" : 2.0,
    "minResTime" : 1.0,
    "maxResTime" : 61.0,
    "pct1ResTime" : 4.0,
    "pct2ResTime" : 4.0,
    "pct3ResTime" : 60.459999999999724,
    "throughput" : 0.877369995700887,
    "receivedKBytesPerSec" : 1.764164864402467,
    "sentKBytesPerSec" : 0.0993895698254911
  },
  "03GetSpecificProducts" : {
    "transaction" : "03GetSpecificProducts",
    "sampleCount" : 100,
    "errorCount" : 12,
    "errorPct" : 12.0,
    "meanResTime" : 4.029999999999999,
    "medianResTime" : 4.0,
    "minResTime" : 3.0,
    "maxResTime" : 16.0,
    "pct1ResTime" : 5.0,
    "pct2ResTime" : 6.949999999999989,
    "pct3ResTime" : 15.93999999999997,
    "throughput" : 0.8788736355486808,
    "receivedKBytesPerSec" : 0.3019497399632631,
    "sentKBytesPerSec" : 0.12884424821149215
  },
  "04AddProductToCart" : {
    "transaction" : "04AddProductToCart",
    "sampleCount" : 100,
    "errorCount" : 8,
    "errorPct" : 8.0,
    "meanResTime" : 8.040000000000008,
    "medianResTime" : 7.0,
    "minResTime" : 6.0,
    "maxResTime" : 21.0,
    "pct1ResTime" : 9.0,
    "pct2ResTime" : 13.899999999999977,
    "pct3ResTime" : 20.95999999999998,
    "throughput" : 0.8788736355486808,
    "receivedKBytesPerSec" : 0.1887861766360233,
    "sentKBytesPerSec" : 0.20093935112759487
  },
  "02GetProducts" : {
    "transaction" : "02GetProducts",
    "sampleCount" : 100,
    "errorCount" : 18,
    "errorPct" : 18.0,
    "meanResTime" : 4.150000000000001,
    "medianResTime" : 4.0,
    "minResTime" : 3.0,
    "maxResTime" : 10.0,
    "pct1ResTime" : 5.0,
    "pct2ResTime" : 6.949999999999989,
    "pct3ResTime" : 10.0,
    "throughput" : 0.8785261844729282,
    "receivedKBytesPerSec" : 0.6786271600762561,
    "sentKBytesPerSec" : 0.11367648383072558
  }
}